{
  "content": [
	{
	  "path": "de-DE.locPak",
	  "size": 2203,
	  "date": 1597730632000
	},
	{
	  "path": "en-US.locPak",
	  "size": 854,
	  "date": 1604689640000
	},
	{
	  "path": "es-ES.locPak",
	  "size": 2000,
	  "date": 1597730632000
	},
	{
	  "path": "fr-FR.locPak",
	  "size": 2050,
	  "date": 1597730632000
	},
	{
	  "path": "it-IT.locPak",
	  "size": 2014,
	  "date": 1597730632000
	},
	{
	  "path": "pl-PL.locPak",
	  "size": 2151,
	  "date": 1597730632000
	},
	{
	  "path": "pt-BR.locPak",
	  "size": 1952,
	  "date": 1597730632000
	},
	{
	  "path": "ru-RU.locPak",
	  "size": 2967,
	  "date": 1597730632000
	},
	{
	  "path": "Effects/LIGHT_ASOBO_BeaconTop_B36.fx",
	  "size": 1220,
	  "date": 1602558678000
	},
	{
	  "path": "Effects/LIGHT_ASOBO_Cowl_b36.fx",
	  "size": 1353,
	  "date": 1602652758000
	},
	{
	  "path": "Effects/LIGHT_ASOBO_Glareshield_B36.fx",
	  "size": 1357,
	  "date": 1635304531587
	},
	{
	  "path": "Effects/LIGHT_ASOBO_Landing_B36.fx",
	  "size": 1245,
	  "date": 1635448109411
	},
	{
	  "path": "Effects/LIGHT_ASOBO_Landing_B362.fx",
	  "size": 1322,
	  "date": 1635449110547
	},
	{
	  "path": "Effects/LIGHT_ASOBO_LogoLight.fx",
	  "size": 1278,
	  "date": 1634774306104
	},
	{
	  "path": "Effects/LIGHT_ASOBO_NavigationGreen.fx",
	  "size": 1232,
	  "date": 1635433804159
	},
	{
	  "path": "Effects/LIGHT_ASOBO_NavigationRed.fx",
	  "size": 1231,
	  "date": 1635433787519
	},
	{
	  "path": "Effects/LIGHT_ASOBO_NavigationWhite_B36.fx",
	  "size": 1229,
	  "date": 1635216789988
	},
	{
	  "path": "Effects/LIGHT_ASOBO_Stab_b36left.fx",
	  "size": 1356,
	  "date": 1635343778424
	},
	{
	  "path": "Effects/LIGHT_ASOBO_Stab_b36Right.fx",
	  "size": 1350,
	  "date": 1635343957494
	},
	{
	  "path": "Effects/LIGHT_ASOBO_StrobeSimple_B36.fx",
	  "size": 1229,
	  "date": 1635377037569
	},
	{
	  "path": "Effects/LIGHT_ASOBO_Taxi_B36.fx",
	  "size": 1208,
	  "date": 1635343576054
	},
	{
	  "path": "Effects/LIGHT_ASOBO_Wing_b36left.fx",
	  "size": 1356,
	  "date": 1635343813974
	},
	{
	  "path": "Effects/LIGHT_ASOBO_Wing_b36Right.fx",
	  "size": 1354,
	  "date": 1635343827044
	},
	{
	  "path": "SimObjects/Airplanes/Asobo_Bonanza_G36/ai.cfg",
	  "size": 907,
	  "date": 1635515127011
	},
	{
	  "path": "SimObjects/Airplanes/Asobo_Bonanza_G36/aircraft.cfg",
	  "size": 20034,
	  "date": 1635613116031
	},
	{
	  "path": "SimObjects/Airplanes/Asobo_Bonanza_G36/cameras.cfg",
	  "size": 26062,
	  "date": 1601257284000
	},
	{
	  "path": "SimObjects/Airplanes/Asobo_Bonanza_G36/engines.cfg",
	  "size": 9151,
	  "date": 1635651837799
	},
	{
	  "path": "SimObjects/Airplanes/Asobo_Bonanza_G36/flight_model.cfg",
	  "size": 12716,
	  "date": 1635616802059
	},
	{
	  "path": "SimObjects/Airplanes/Asobo_Bonanza_G36/systems.cfg",
	  "size": 12560,
	  "date": 1635516404268
	},
	{
	  "path": "SimObjects/Airplanes/Asobo_Bonanza_G36/model/Bonanza_g36_interior_LOD00.bin",
	  "size": 12773908,
	  "date": 1627475242000
	},
	{
	  "path": "SimObjects/Airplanes/Asobo_Bonanza_G36/model/Bonanza_g36_interior_LOD00.gltf",
	  "size": 723460,
	  "date": 1627475242000
	},
	{
	  "path": "SimObjects/Airplanes/Asobo_Bonanza_G36/model/Bonanza_g36_LOD00.bin",
	  "size": 10102332,
	  "date": 1627475242000
	},
	{
	  "path": "SimObjects/Airplanes/Asobo_Bonanza_G36/model/Bonanza_g36_LOD00.gltf",
	  "size": 198176,
	  "date": 1627475242000
	},
	{
	  "path": "SimObjects/Airplanes/Asobo_Bonanza_G36/panel/panel.cfg",
	  "size": 859,
	  "date": 1635035051795
	},
	{
	  "path": "SimObjects/Airplanes/Asobo_Bonanza_G36/panel/panel.xml",
	  "size": 15110,
	  "date": 1604622870000
	},
	{
	  "path": "SimObjects/Airplanes/Asobo_Bonanza_G36/TEXTURE.1/BONANZA_AIRFRAME_LIVERY_ALBD.PNG.DDS",
	  "size": 2176,
	  "date": 1601989332000
	},
	{
	  "path": "SimObjects/Airplanes/Asobo_Bonanza_G36/TEXTURE.1/BONANZA_AIRFRAME_LIVERY_ALBD.PNG.DDS.json",
	  "size": 102,
	  "date": 1597730634000
	},
	
	{
	  "path": "SimObjects/Airplanes/Asobo_Bonanza_G36/TEXTURE.1/texture.CFG",
	  "size": 230,
	  "date": 1598218794000
	},
	{
	  "path": "SimObjects/Airplanes/Asobo_Bonanza_G36/TEXTURE.1/Thumbnail.jpg",
	  "size": 102614,
	  "date": 1602123372000
	},
	{
	  "path": "SimObjects/Airplanes/Asobo_Bonanza_G36/TEXTURE.1/Thumbnail_small.jpg",
	  "size": 52103,
	  "date": 1602123400000
	},
	{
	  "path": "SimObjects/Airplanes/Asobo_Bonanza_G36/TEXTURE.2/BONANZA_AIRFRAME_LIVERY_ALBD.PNG.DDS",
	  "size": 2176,
	  "date": 1601136782000
	},
	{
	  "path": "SimObjects/Airplanes/Asobo_Bonanza_G36/TEXTURE.2/BONANZA_AIRFRAME_LIVERY_ALBD.PNG.DDS.json",
	  "size": 102,
	  "date": 1597730634000
	},
	
	{
	  "path": "SimObjects/Airplanes/Asobo_Bonanza_G36/TEXTURE.2/texture.CFG",
	  "size": 230,
	  "date": 1598218794000
	},
	{
	  "path": "SimObjects/Airplanes/Asobo_Bonanza_G36/TEXTURE.2/Thumbnail.jpg",
	  "size": 105511,
	  "date": 1602123480000
	},
	{
	  "path": "SimObjects/Airplanes/Asobo_Bonanza_G36/TEXTURE.2/Thumbnail_small.jpg",
	  "size": 53394,
	  "date": 1602123504000
	},
	{
	  "path": "SimObjects/Airplanes/Asobo_Bonanza_G36/TEXTURE.3/BONANZA_AIRFRAME_LIVERY_ALBD.PNG.DDS",
	  "size": 2176,
	  "date": 1601989222000
	},
	{
	  "path": "SimObjects/Airplanes/Asobo_Bonanza_G36/TEXTURE.3/BONANZA_AIRFRAME_LIVERY_ALBD.PNG.DDS.json",
	  "size": 102,
	  "date": 1597730634000
	},
	{
	  "path": "SimObjects/Airplanes/Asobo_Bonanza_G36/TEXTURE.3/texture.CFG",
	  "size": 230,
	  "date": 1598218794000
	},
	{
	  "path": "SimObjects/Airplanes/Asobo_Bonanza_G36/TEXTURE.3/Thumbnail.jpg",
	  "size": 97910,
	  "date": 1602123606000
	},
	{
	  "path": "SimObjects/Airplanes/Asobo_Bonanza_G36/TEXTURE.3/Thumbnail_small.jpg",
	  "size": 55657,
	  "date": 1602123626000
	},
	{
	  "path": "SimObjects/Airplanes/Asobo_Bonanza_G36/TEXTURE.4/BONANZA_AIRFRAME_LIVERY_ALBD.PNG.DDS",
	  "size": 2176,
	  "date": 1601190476000
	},
	{
	  "path": "SimObjects/Airplanes/Asobo_Bonanza_G36/TEXTURE.4/BONANZA_AIRFRAME_LIVERY_ALBD.PNG.DDS.json",
	  "size": 102,
	  "date": 1597730634000
	},
	{
	  "path": "SimObjects/Airplanes/Asobo_Bonanza_G36/TEXTURE.4/texture.CFG",
	  "size": 230,
	  "date": 1598218794000
	},
	{
	  "path": "SimObjects/Airplanes/Asobo_Bonanza_G36/TEXTURE.4/Thumbnail.jpg",
	  "size": 103256,
	  "date": 1602123712000
	},
	{
	  "path": "SimObjects/Airplanes/Asobo_Bonanza_G36/TEXTURE.4/Thumbnail_small.jpg",
	  "size": 51473,
	  "date": 1602123732000
	},
	{
	  "path": "SimObjects/Airplanes/Asobo_Bonanza_G36/TEXTURE.5/BONANZA_AIRFRAME_LIVERY_ALBD.PNG.DDS",
	  "size": 2176,
	  "date": 1602115764000
	},
	{
	  "path": "SimObjects/Airplanes/Asobo_Bonanza_G36/TEXTURE.5/BONANZA_AIRFRAME_LIVERY_ALBD.PNG.DDS.json",
	  "size": 102,
	  "date": 1597730634000
	},
	{
	  "path": "SimObjects/Airplanes/Asobo_Bonanza_G36/TEXTURE.5/texture.CFG",
	  "size": 230,
	  "date": 1598218794000
	},
	{
	  "path": "SimObjects/Airplanes/Asobo_Bonanza_G36/TEXTURE.5/Thumbnail.jpg",
	  "size": 103024,
	  "date": 1602123880000
	},
	{
	  "path": "SimObjects/Airplanes/Asobo_Bonanza_G36/TEXTURE.5/Thumbnail_small.jpg",
	  "size": 58594,
	  "date": 1602123902000
	},
	{
	  "path": "SimObjects/Airplanes/Asobo_Bonanza_G36/TEXTURE.6/BONANZA_AIRFRAME_LIVERY_ALBD.PNG.DDS",
	  "size": 2176,
	  "date": 1602120556000
	},
	{
	  "path": "SimObjects/Airplanes/Asobo_Bonanza_G36/TEXTURE.6/BONANZA_AIRFRAME_LIVERY_ALBD.PNG.DDS.json",
	  "size": 102,
	  "date": 1597730634000
	},
	{
	  "path": "SimObjects/Airplanes/Asobo_Bonanza_G36/TEXTURE.6/texture.CFG",
	  "size": 230,
	  "date": 1598218794000
	},
	{
	  "path": "SimObjects/Airplanes/Asobo_Bonanza_G36/TEXTURE.6/Thumbnail.jpg",
	  "size": 100088,
	  "date": 1602123970000
	},
	{
	  "path": "SimObjects/Airplanes/Asobo_Bonanza_G36/TEXTURE.6/Thumbnail_small.jpg",
	  "size": 50725,
	  "date": 1602123992000
	},
	{
	  "path": "SimObjects/Airplanes/Asobo_Bonanza_G36/TEXTURE.7/BONANZA_AIRFRAME_LIVERY_ALBD.PNG.DDS",
	  "size": 2176,
	  "date": 1602705716000
	},
	{
	  "path": "SimObjects/Airplanes/Asobo_Bonanza_G36/TEXTURE.7/BONANZA_AIRFRAME_LIVERY_ALBD.PNG.DDS.json",
	  "size": 102,
	  "date": 1597730634000
	},
	{
	  "path": "SimObjects/Airplanes/Asobo_Bonanza_G36/TEXTURE.7/texture.CFG",
	  "size": 230,
	  "date": 1598218794000
	},
	{
	  "path": "SimObjects/Airplanes/Asobo_Bonanza_G36/TEXTURE.7/Thumbnail.jpg",
	  "size": 90090,
	  "date": 1602707000000
	},
	{
	  "path": "SimObjects/Airplanes/Asobo_Bonanza_G36/TEXTURE.7/Thumbnail_small.jpg",
	  "size": 52160,
	  "date": 1602707028000
	},
	{
	  "path": "SimObjects/Airplanes/Asobo_Bonanza_G36/TEXTURE.8/BONANZA_AIRFRAME_LIVERY_ALBD.PNG.DDS",
	  "size": 2176,
	  "date": 1602699822000
	},
	{
	  "path": "SimObjects/Airplanes/Asobo_Bonanza_G36/TEXTURE.8/BONANZA_AIRFRAME_LIVERY_ALBD.PNG.DDS.json",
	  "size": 102,
	  "date": 1597730634000
	},
	{
	  "path": "SimObjects/Airplanes/Asobo_Bonanza_G36/TEXTURE.8/BONANZA_AIRFRAME_PROPELLER_BLUR.PNG.DDS.json",
	  "size": 119,
	  "date": 1601399426000
	},
	{
	  "path": "SimObjects/Airplanes/Asobo_Bonanza_G36/TEXTURE.8/texture.CFG",
	  "size": 230,
	  "date": 1598218794000
	},
	{
	  "path": "SimObjects/Airplanes/Asobo_Bonanza_G36/TEXTURE.8/Thumbnail.jpg",
	  "size": 76153,
	  "date": 1602702318000
	},
	{
	  "path": "SimObjects/Airplanes/Asobo_Bonanza_G36/TEXTURE.8/Thumbnail_small.jpg",
	  "size": 55550,
	  "date": 1602702344000
	},
	{
	  "path": "SimObjects/Airplanes/Asobo_Bonanza_G36/TEXTURE.9/BONANZA_AIRFRAME_LIVERY_ALBD.PNG.DDS",
	  "size": 2176,
	  "date": 1604737444000
	},
	{
	  "path": "SimObjects/Airplanes/Asobo_Bonanza_G36/TEXTURE.9/BONANZA_AIRFRAME_LIVERY_ALBD.PNG.DDS.json",
	  "size": 102,
	  "date": 1597730634000
	},
	
	{
	  "path": "SimObjects/Airplanes/Asobo_Bonanza_G36/TEXTURE.9/texture.CFG",
	  "size": 230,
	  "date": 1598218794000
	},
	{
	  "path": "SimObjects/Airplanes/Asobo_Bonanza_G36/TEXTURE.9/Thumbnail.jpg",
	  "size": 123367,
	  "date": 1604739062000
	},
	{
	  "path": "SimObjects/Airplanes/Asobo_Bonanza_G36/TEXTURE.9/Thumbnail_small.jpg",
	  "size": 94156,
	  "date": 1604739624000
	}
  ]
}
